-- phpMyAdmin SQL Dump
-- version 4.9.0.1
-- https://www.phpmyadmin.net/
--
-- Servidor: 127.0.0.1
-- Tiempo de generación: 25-02-2021 a las 17:07:03
-- Versión del servidor: 10.4.6-MariaDB
-- Versión de PHP: 7.3.9

SET SQL_MODE = "NO_AUTO_VALUE_ON_ZERO";
SET AUTOCOMMIT = 0;
START TRANSACTION;
SET time_zone = "+00:00";


/*!40101 SET @OLD_CHARACTER_SET_CLIENT=@@CHARACTER_SET_CLIENT */;
/*!40101 SET @OLD_CHARACTER_SET_RESULTS=@@CHARACTER_SET_RESULTS */;
/*!40101 SET @OLD_COLLATION_CONNECTION=@@COLLATION_CONNECTION */;
/*!40101 SET NAMES utf8mb4 */;

--
-- Base de datos: `proyecto multidisciplinar`
--

-- --------------------------------------------------------

--
-- Estructura de tabla para la tabla `campeonatos`
--
CREATE DATABASE `proyecto multidisciplinar`;
USE `proyecto multidisciplinar`;

CREATE TABLE `campeonatos` (
  `cod_campeonato` int(11) NOT NULL,
  `nombre` varchar(50) NOT NULL,
  `fecha_inicio` date NOT NULL,
  `fecha_fin` date NOT NULL,
  `region` varchar(50) NOT NULL,
  `cod_equipo` int(11) NOT NULL
) ENGINE=InnoDB DEFAULT CHARSET=latin1;

--
-- Volcado de datos para la tabla `campeonatos`
--

INSERT INTO `campeonatos` (`cod_campeonato`, `nombre`, `fecha_inicio`, `fecha_fin`, `region`, `cod_equipo`) VALUES
(1, 'LEC 2020 Spring Season', '2020-01-24', '2020-03-28', 'Europe', 1),
(2, 'LEC 2019 Summer Playoffs', '2019-08-23', '2019-09-08', 'Europe', 1),
(3, 'LEC 2019 Summer Season', '2019-06-07', '2019-08-17', 'Europe', 1),
(4, 'LEC 2019 Spring Playoffs', '2019-03-29', '2019-04-14', 'Europe', 1),
(5, 'LEC 2019 Spring Season', '2019-01-18', '2019-03-16', 'Europe', 1),
(6, 'LEC 2018 Summer Playoffs', '2018-08-24', '2018-09-09', 'Europe', 2),
(7, 'LEC 2018 Summer Season', '2018-06-15', '2018-08-19', 'Europe', 2),
(8, 'LEC 2018 Spring Playoffs', '2018-03-23', '2018-04-08', 'Europe', 2),
(9, 'LEC 2018 Spring Season', '2018-01-19', '2018-03-17', 'Europe', 2),
(10, 'LEC 2017 Summer Playoffs', '2017-08-19', '2017-09-03', 'Europe', 1),
(11, 'LEC 2017 Summer Season', '2017-06-01', '2017-08-13', 'Europe', 2),
(12, 'LEC 2017 Spring Playoffs', '2017-04-08', '2017-04-23', 'Europe', 1),
(13, 'LEC 2017 Spring Season', '2017-01-19', '2017-04-02', 'Europe', 1),
(14, 'LEC 2016 Summer Playoffs', '2016-08-13', '2016-08-28', 'Europe', 1),
(15, 'LEC 2016 Summer Season', '2016-06-02', '2016-07-31', 'Europe', 1),
(16, 'LEC 2016 Spring Playoffs', '2016-04-02', '2016-04-17', 'Europe', 1),
(17, 'LEC 2016 Spring Season', '2016-01-14', '2016-03-18', 'Europe', 1),
(18, 'LEC 2015 Summer Playoffs', '2015-08-08', '2015-08-23', 'Europe', 2),
(19, 'LEC 2015 Summer Season', '2015-05-28', '2015-07-24', 'Europe', 2),
(20, 'LEC 2015 Spring Playoffs', '2015-04-04', '2015-04-19', 'Europe', 2),
(21, 'LEC 2015 Spring Season', '2015-01-22', '2015-03-27', 'Europe', 21),
(22, 'LCS 2020 Spring Season', '2020-01-25', '2020-03-29', 'North America', 5),
(23, 'LCS 2019 Summer Playoffs', '2019-08-10', '2019-08-25', 'North America', 27),
(24, 'LCS 2019 Summer Season', '2019-06-01', '2019-08-04', 'North America', 27),
(25, 'LCS 2019 Spring Playoffs', '2019-03-30', '2019-04-13', 'North America', 27),
(26, 'LCS 2019 Spring Season', '2019-01-26', '2019-03-24', 'North America', 27),
(27, 'LCS 2018 Summer Playoffs', '2018-08-25', '2018-09-09', 'North America', 27),
(28, 'LCS 2018 Summer Season', '2018-06-16', '2018-08-20', 'North America', 27),
(29, 'LCS 2018 Spring Playoffs', '2018-03-24', '2018-04-08', 'North America', 27),
(30, 'LCS 2018 Spring Season', '2018-01-20', '2018-03-18', 'North America', 7),
(31, 'LCS 2017 Summer Playoffs', '2017-08-19', '2017-09-03', 'North America', 6),
(32, 'LCS 2017 Summer Season', '2017-06-02', '2017-08-06', 'North America', 6),
(33, 'LCS 2017 Spring Playoffs', '2017-04-08', '2017-04-23', 'North America', 6),
(34, 'LCS 2017 Spring Season', '2017-01-20', '2017-03-26', 'North America', 6),
(35, 'LCS 2016 Summer Playoffs', '2016-08-13', '2016-08-28', 'North America', 6),
(36, 'LCS 2016 Summer Season', '2016-06-03', '2016-07-31', 'North America', 6),
(37, 'LCS 2016 Spring Playoffs', '2016-04-02', '2016-04-17', 'North America', 28),
(38, 'LCS 2016 Spring Season', '2016-01-16', '2016-03-20', 'North America', 26),
(39, 'LCS 2015 Summer Playoffs', '2015-08-08', '2015-08-23', 'North America', 28),
(40, 'LCS 2015 Summer Season', '2015-05-30', '2015-07-26', 'North America', 27),
(41, 'LCS 2015 Spring Playoffs', '2015-04-04', '2015-04-19', 'North America', 6),
(42, 'LCS 2015 Spring Season', '2015-01-24', '2015-03-29', 'North America', 6),
(43, 'LCS 2014 Summer Playoffs', '2014-08-23', '2014-09-01', 'North America', 6),
(44, 'LCS 2014 Summer Season', '2014-05-23', '2014-08-03', 'North America', 5),
(45, 'LCS 2014 Spring Playoffs', '2014-04-18', '2014-04-20', 'North America', 5),
(46, 'LCS 2014 Spring Season', '2014-01-16', '2014-04-06', 'North America', 5),
(47, 'LCS 2013 Summer Playoffs', '2013-08-30', '2013-09-01', 'North America', 5),
(48, 'LCS 2013 Summer Season', '2013-06-12', '2013-08-16', 'North America', 5),
(49, 'LCS 2013 Spring Playoffs', '2013-04-26', '2013-04-28', 'North America', 6),
(50, 'LCS 2013 Spring Season', '2013-02-07', '2013-04-19', 'North America', 6),
(51, 'LPL 2019 Summer Playoffs', '2019-08-22', '2019-09-06', 'China', 10),
(52, 'LPL 2019 Summer Season', '2019-06-01', '2019-08-18', 'China', 10),
(53, 'LPL 2019 Spring Playoffs', '2019-04-04', '2019-04-21', 'China', 9),
(54, 'LPL 2019 Spring Season', '2019-01-14', '2019-03-31', 'China', 10),
(55, 'LPL 2018 Summer Playoffs', '2018-09-05', '2018-09-14', 'China', 12),
(56, 'LPL 2018 Summer Season', '2018-06-11', '2018-09-02', 'China', 41),
(57, 'LPL 2018 Spring Playoffs', '2018-04-12', '2018-04-28', 'China', 12),
(58, 'LPL 2018 Spring Season', '2018-01-15', '2018-04-08', 'China', 9),
(59, 'LPL 2017 Summer Playoffs', '2017-08-22', '2017-09-01', 'China', 31),
(60, 'LPL 2017 Summer Season', '2017-06-08', '2017-08-20', 'China', 12),
(61, 'LPL 2017 Spring Playoffs', '2017-04-18', '2017-04-29', 'China', 33),
(62, 'LPL 2017 Spring Season', '2017-01-19', '2017-04-16', 'China', 33),
(63, 'LPL 2016 Summer Playoffs', '2016-08-10', '2016-08-26', 'China', 31),
(64, 'LPL 2016 Summer Season', '2016-05-26', '2016-08-07', 'China', 12),
(65, 'LPL 2016 Spring Playoffs', '2016-04-13', '2016-04-23', 'China', 12),
(66, 'LPL 2016 Spring Season', '2016-01-14', '2016-04-10', 'China', 12),
(67, 'LPL 2015 Summer Playoffs', '2015-08-11', '2015-08-23', 'China', 42),
(68, 'LPL 2015 Summer Season', '2015-05-22', '2015-08-09', 'China', 31),
(69, 'LPL 2015 Spring Playoffs', '2015-04-14', '2015-04-26', 'China', 31),
(70, 'LPL 2015 Spring Season', '2015-01-16', '2015-04-12', 'China', 31),
(71, 'LPL 2014 Summer Playoffs', '2014-08-19', '2014-08-24', 'China', 31),
(72, 'LPL 2014 Summer Season', '2014-06-14', '2014-08-16', 'China', 31),
(73, 'LPL 2014 Spring Playoffs', '2014-05-24', '2014-05-25', 'China', 31),
(74, 'LPL 2014 Spring Season', '2014-02-22', '2014-04-26', 'China', 32),
(75, 'LPL 2013 Summer Playoffs', '2013-11-20', '2013-11-24', 'China', 32),
(76, 'LPL 2013 Summer Season', '2013-07-12', '2013-09-01', 'China', 32),
(77, 'LPL 2013 Spring Playoffs', '2013-06-16', '2013-06-23', 'China', 32),
(78, 'LPL 2013 Spring Season', '2013-03-16', '2013-05-18', 'China', 9),
(79, 'LCK 2020 Spring Season', '2020-02-05', '2020-04-16', 'Korea', 13),
(80, 'LCK 2019 Summer Playoffs', '2019-08-21', '2019-08-31', 'Korea', 14),
(81, 'LCK 2019 Summer Season', '2019-06-05', '2019-08-18', 'Korea', 40),
(82, 'LCK 2019 Spring Playoffs', '2019-04-03', '2019-04-13', 'Korea', 14),
(83, 'LCK 2019 Spring Season', '2019-01-16', '2019-03-31', 'Korea', 40),
(84, 'LCK 2018 Summer Playoffs', '2018-08-12', '2018-09-08', 'Korea', 35),
(85, 'LCK 2018 Summer Season', '2018-06-12', '2018-08-09', 'Korea', 35),
(86, 'LCK 2018 Spring Playoffs', '2018-03-31', '2018-04-14', 'Korea', 15),
(87, 'LCK 2018 Spring Season', '2018-01-16', '2018-03-25', 'Korea', 15),
(88, 'LCK 2017 Summer Playoffs', '2017-08-12', '2017-08-26', 'Korea', 14),
(89, 'LCK 2017 Summer Season', '2017-05-30', '2017-08-06', 'Korea', 35),
(90, 'LCK 2017 Spring Playoffs', '2017-04-07', '2017-04-22', 'Korea', 14),
(91, 'LCK 2017 Spring Season', '2017-01-17', '2017-04-02', 'Korea', 14),
(92, 'LCK 2016 Summer Playoffs', '2016-08-08', '2016-08-20', 'Korea', 35),
(93, 'LCK 2016 Summer Season', '2016-05-25', '2016-08-06', 'Korea', 14),
(94, 'LCK 2016 Spring Playoffs', '2016-04-13', '2016-04-23', 'Korea', 14),
(95, 'LCK 2016 Spring Season', '2016-01-13', '2016-04-09', 'Korea', 35),
(96, 'LCK 2015 Summer Playoffs', '2015-08-16', '2015-08-29', 'Korea', 14),
(97, 'LCK 2015 Summer Season', '2015-05-20', '2015-08-13', 'Korea', 14),
(98, 'LCK 2015 Spring Playoffs', '2015-04-17', '2015-05-02', 'Korea', 14),
(99, 'LCK 2015 Spring Season', '2015-01-07', '2015-04-11', 'Korea', 14),
(100, '2019 World Championship', '2019-10-02', '2019-11-10', 'International', 10),
(101, '2018 World Championship', '2018-10-01', '2018-11-03', 'International', 9),
(102, '2017 World Championship', '2017-09-23', '2017-11-04', 'International', 44),
(103, '2016 World Championship', '2016-09-29', '2016-10-29', 'International', 14),
(104, '2015 World Championship', '2015-10-01', '2015-10-31', 'International', 14),
(105, '2014 World Championship', '2014-09-18', '2014-10-19', 'International', 44),
(106, '2013 World Championship', '2013-09-15', '2013-10-04', 'International', 14),
(107, '2011 World Championship', '2011-06-18', '2011-06-20', 'International', 2),
(108, '2012 World Championship', '2012-10-04', '2012-10-13', 'International', 43);

-- --------------------------------------------------------

--
-- Estructura de tabla para la tabla `entrenadores`
--

CREATE TABLE `entrenadores` (
  `cod_entrenador` int(11) NOT NULL,
  `nombre_completo` varchar(50) NOT NULL,
  `apodo` varchar(25) NOT NULL,
  `nacionalidad` varchar(25) NOT NULL,
  `fecha_nacimiento` date NOT NULL,
  `categoria` varchar(25) NOT NULL,
  `cod_equipo` int(11) NOT NULL
) ENGINE=InnoDB DEFAULT CHARSET=latin1;

--
-- Volcado de datos para la tabla `entrenadores`
--

INSERT INTO `entrenadores` (`cod_entrenador`, `nombre_completo`, `apodo`, `nacionalidad`, `fecha_nacimiento`, `categoria`, `cod_equipo`) VALUES
(1, 'Fabian Lohmann', 'GrabbZ', 'Germany', '1995-01-14', 'Head Coach', 1),
(2, 'Alfonso Aguirre Rodríguez', 'Mithy', 'Spain', '1994-10-05', 'Head Coach', 2),
(3, 'Carlos Carpio Cuenca', 'Aagie', 'Spain', '1996-12-29', 'Assistant Coach', 2),
(4, 'Marius Aune', 'Veigar v2', 'Norway', '1996-04-12', 'Strategic Coach', 2),
(5, 'André Guilhoto', 'Guilhoto', 'Portugal', '1994-08-26', 'Head Coach', 3),
(6, 'James MacCormack', 'Mac', 'United Kingdom', '1994-02-13', 'Head Coach', 4),
(7, 'Christophe van Oudheusden', 'Kaasbaas', 'Belgium', '1994-09-13', 'Assistant Coach', 4),
(8, 'Bok Han-gyu', 'Reapered', 'South Korea', '1992-01-30', 'Head Coach', 5),
(9, 'Jonathan Nguyen', 'Westrice', 'United States', '1992-07-13', 'Assistant Coach', 5),
(10, 'Jung Min-sung', 'RapidStar', 'South Korea', '1993-05-05', 'Assistant Coach', 5),
(11, 'Kim Yeu-jin', 'Reignover', 'South Korea', '1995-07-04', 'Positional Coach', 5),
(12, 'Zhang Yi', 'Peter Zhang', 'China', '1993-09-02', 'Head Coach', 6),
(13, 'Ham Jang-sik', 'Lustboy', 'South Korea', '1994-02-18', 'Strategic Coach', 6),
(14, 'Zachary Goldman', 'Goldman', 'United States', '1994-09-08', 'Assistant Coach', 6),
(15, 'Anthony Gray', 'Zikz', 'United States', '1993-09-11', 'Head Coach', 7),
(16, 'Kelsey Moser', 'Kelsey', 'United States', '1988-09-20', 'Assistant Coach', 7),
(17, 'Anand Agarwal', 'Curry', 'United States', '1994-09-08', 'Head Coach', 8),
(18, 'Lim Joo-sung', 'DLim', 'Canada', '1993-05-23', 'Assistant Coach', 8),
(19, 'Colin Earnest', 'Solo', 'United States', '1993-05-26', 'Assistant Coach', 8),
(20, 'Kim Sang-chul', 'Fly', 'South Korea', '1987-09-21', 'Head Coach', 9),
(21, 'Ding Yu-Bo', 'Dingbo', 'China', '1997-08-22', 'Assistant Coach', 9),
(22, 'Chen Ju-Chih', 'WarHorse', 'Taiwan', '1995-02-11', 'Head Coach', 10),
(23, 'Chen Kuan-Ting', 'REFRA1N', 'Taiwan', '1993-10-19', 'Assistant Coach', 10),
(24, 'Yoon Sung-young', 'Homme', 'South Korea', '1985-01-01', 'Head Coach', 11),
(25, 'Cho Se-hyeong', 'Mata', 'South Korea', '1994-02-27', 'Head Coach', 12),
(26, 'Choi Woo-beom', 'Edgar', 'South Korea', '1984-01-03', 'Head Coach', 13),
(27, 'Ju Yeong-dal', 'oDin', 'South Korea', '1987-07-15', 'Assistant Coach', 13),
(28, 'Yeo Chang-dong', 'TrAce', 'South Korea', '1989-11-02', 'Assistant Coach', 13),
(29, 'Im Jae-hyeon', 'Tom', 'South Korea', '1995-05-22', 'Assistant Coach', 13),
(30, 'Kim Da-bin', 'Lyn', 'South Korea', '1996-09-25', 'Trainee Coach', 13),
(31, 'Jang Min-chul', 'WhyManMC', 'South Korea', '1991-07-17', 'Teaching Coach', 13),
(32, 'Kim Jeong-soo', 'Kim', 'South Korea', '1988-07-17', 'Head Coach', 14),
(33, 'Lim Hye-sung', 'Comet', 'South Korea', '1991-09-04', 'Assistant Coach', 14),
(34, 'Kim Ji-hwan', 'Moment', 'South Korea', '1993-12-19', 'Assistant Coach', 14),
(35, 'Kim Dae-ho', 'cvMax', 'South Korea', '1990-07-07', 'Head Coach', 15),
(36, 'Park Jun-hyeong', 'Bubbling', 'South Korea', '1993-04-13', 'Assistant Coach', 15),
(37, 'Lee Jae-min', 'Zefa', 'South Korea', '1988-02-04', 'Head Coach', 16),
(38, 'Kang Tae-su', 'Travel', 'South Korea', '1992-10-12', 'Assistant Coach', 16),
(39, 'Alejandro Fernández-Valdés', 'Jandro', 'Spain', '1992-01-08', 'Head Coach', 17),
(40, 'Maurice Stückenschneider', 'Amazing', 'Germany', '1994-04-02', 'Strategic Coach', 17),
(41, 'Simon Payne', 'fredy122', 'United Kingdom', '1992-10-03', 'Head Coach', 18),
(42, 'Marcus Blom', 'Blumigan', 'Sweden', '1993-04-06', 'Assistant Coach', 18),
(43, 'Joey Steltenpool', 'YoungBuck', 'Netherlands', '1991-07-28', 'Head Coach', 19),
(44, 'Dylan Falco', 'Dylan Falco', 'Canada', '1993-03-05', 'Head Coach', 20),
(45, 'Petar Georgiev', 'Unlimited', 'Bulgaria', '1990-06-09', 'Head Coach', 21),
(46, 'Lamine-Lounis Khouani', 'Kanani', 'Germany', '1996-10-16', 'Assistant Coach', 21),
(47, 'Hadrien Forestier', 'Duke', 'France', '1991-10-01', 'Head Coach', 22),
(48, 'Louis-Victor Legendre', 'Mephisto', 'France', '1992-02-26', 'Assistant Coach', 22),
(49, 'Liu Jun-Jie', 'Lucky', 'China', '1990-06-12', 'Head Coach', 29),
(50, 'Luo Sheng', 'BSYY', 'China', '1994-03-28', 'Head Coach', 30),
(51, 'Yu Byeong-jun', 'Ggoong', 'South Korea', '1993-06-26', 'Assistant Coach', 30),
(52, 'Ming Kai', 'Clearlove', 'China', '1993-07-25', 'Head Coach', 31),
(53, 'Lee Gwan-hyung', 'Heart', 'South Korea', '1988-12-13', 'Assistant Coach', 31),
(54, 'Cheng Pin-Lun', 'CorGi', 'Taiwan', '1993-08-18', 'Assistant Coach', 31),
(55, 'Ye Wei-Jian', 'Panda', 'China', '1994-08-25', 'Head Coach', 32),
(56, 'Kung Yu-Te', 'Domo', 'Taiwan', '1994-03-21', 'Head Coach', 33),
(57, 'Jung Je-seung', 'NoEX', 'South Korea', '1990-01-25', 'Assistant Coach', 33),
(58, 'Kim Jeong-gyun', 'kkOma', 'South Korea', '1985-12-23', 'Head Coach', 34),
(59, 'Lee Jeong-hyeon', 'PoohManDu', 'South Korea', '1991-01-29', 'Assistant Coach', 34),
(60, 'Yang Ji-Song', 'Maokai', 'China', '1990-09-30', 'Assistant Coach', 34),
(61, 'Kang Dong-hoon', 'Hirai', 'South Korea', '1982-03-26', 'Head Coach', 35),
(62, 'Choi Seung-min', 'supreme', 'South Korea', '1987-04-27', 'Assistant Coach', 35),
(63, 'Choi Cheon-ju', 'Cheonju', 'South Korea', '1990-07-13', 'Assistant Coach', 35),
(64, 'An Hyo-yeon', 'Mental', 'South Korea', '1983-05-22', 'Assistant Coach', 35),
(65, 'Choi Yeon-sung', 'iloveoov', 'South Korea', '1983-11-05', 'Head Coach', 36),
(66, 'Chae Woo-cheol', 'viNylCat', 'South Korea', '1985-07-30', 'Assistant Coach', 36),
(67, 'Yeon Hyeong-mo', 'ActScene', 'South Korea', '1991-12-12', 'Assistant Coach', 36),
(68, 'Kim San-ha', 'Sickness', 'South Korea', '1993-09-14', 'Head Coach', 37),
(69, 'Park Tae-jin', 'Winged', 'South Korea', '1992-08-20', 'Assistant Coach', 37),
(70, 'Park Jae-ha', 'CooN', 'South Korea', '1995-06-01', 'Assistant Coach', 37),
(71, 'Son Dae-young', 'Kezman', 'South Korea', '1983-04-06', 'Head Coach', 38),
(72, 'Jeong No-chul', 'NoFe', 'South Korea', '1988-08-11', 'Assistant Coach', 38),
(73, 'Kang Byung-ho', 'Laden', 'South Korea', '1992-06-05', 'Head Coach', 39),
(74, 'Song Chang-geun', 'Morning', 'South Korea', '1994-08-08', 'Assistant Coach', 39),
(75, 'Shin Jin-yeong', 'Coco', 'South Korea', '1994-03-14', 'Assistant Coach', 39),
(76, 'Jeong Myeong-hoon', 'FanTaSy', 'South Korea', '1991-07-01', 'Assistant Coach', 39),
(77, 'Han Sang-yong', 'H Dragon', 'South Korea', '1980-06-29', 'Head Coach', 40),
(78, 'Byun Young-sub', 'Chaos', 'South Korea', '1993-07-04', 'Assistant Coach', 40),
(79, 'Lee Chang-seok', 'GBM', 'South Korea', '1994-06-23', 'Assistant Coach', 40),
(80, 'Shin Hyeong-seop', 'Rather', 'South Korea', '1996-11-26', 'Assistant Coach', 40),
(82, 'Oh Chang-jong', 'ZanDarC', 'South Korea', '1983-10-01', 'Head Coach', 42),
(83, 'Xie Dan', 'Eimy', 'China', '1996-01-08', 'Assistant Coach', 42),
(84, 'Kim Nam-hoon', 'HooN', 'South Korea', '1987-01-31', 'Head Coach', 41);

-- --------------------------------------------------------

--
-- Estructura de tabla para la tabla `equipos`
--

CREATE TABLE `equipos` (
  `cod_equipo` int(11) NOT NULL,
  `nombre` varchar(50) NOT NULL,
  `pais_fundacion` varchar(25) NOT NULL,
  `fecha_fundacion` date NOT NULL,
  `propietario` varchar(50) NOT NULL,
  `cod_sede` int(11) NOT NULL,
  `cod_region` int(11) NOT NULL
) ENGINE=InnoDB DEFAULT CHARSET=latin1;

--
-- Volcado de datos para la tabla `equipos`
--

INSERT INTO `equipos` (`cod_equipo`, `nombre`, `pais_fundacion`, `fecha_fundacion`, `propietario`, `cod_sede`, `cod_region`) VALUES
(1, 'G2 Esports', 'Spain', '2015-10-15', 'Carlos \"ocelote\" Rodríguez Santiago', 1, 1),
(2, 'Fnatic', 'United Kingdom', '2011-03-14', 'Sam Mathews', 2, 1),
(3, 'Origen', 'Spain', '2014-12-07', 'Enrique \"xPeke\" Cedeño Martínez', 4, 1),
(4, 'MAD Lions', 'Spain', '2019-11-29', 'OverActive Media', 5, 1),
(5, 'Cloud9', 'United States', '2012-12-04', 'Jack Etienne', 6, 4),
(6, 'Team SoloMid', 'United States', '2011-01-11', 'Andy \"Reginald\" Dinh', 6, 4),
(7, '100 Thieves', 'United States', '2017-11-20', 'Matthew \"Nadeshot\" Haag', 6, 4),
(8, 'FlyQuest', 'United States', '2017-11-20', 'Wesley Robert Edens', 6, 4),
(9, 'Invictus Gaming', 'China', '2011-08-08', 'Wang \"WXZ\" Si-Cong', 7, 3),
(10, 'FunPlus Phoenix', 'China', '2017-12-20', 'FunPlus', 7, 3),
(11, 'JD Gaming', 'China', '2017-05-20', 'Shao \"Choice\" Xiao-Hang', 7, 3),
(12, 'Royal Never Give Up', 'China', '2015-05-15', 'Hijo Dae-young', 7, 3),
(13, 'Gen.G', 'South Korea', '2018-05-03', 'Kevin Chou', 8, 2),
(14, 'T1', 'South Korea', '2019-12-08', 'SK Telecom', 8, 2),
(15, 'DragonX', 'South Korea', '2019-10-09', 'Kingzone', 8, 2),
(16, 'DAMWON Gaming', 'South Korea', '2017-05-28', 'DAMWON', 8, 2),
(17, 'Misfits Gaming', 'United Kingdom', '2016-05-18', 'Alejandro \"Jandro\" Fernández-Valdés', 2, 1),
(18, 'Rogue', 'United States', '2018-11-20', 'ReKTGlobal', 1, 1),
(19, 'Excel Esports', 'United Kingdom', '2015-12-17', 'Kieran Holmes-Darby', 2, 1),
(20, 'FC Schalke 04 Esports', 'Germany', '2016-05-16', 'FC Schalke 04', 1, 1),
(21, 'SK Gaming', 'Germany', '2010-09-16', 'Alexander T. Müller', 1, 1),
(22, 'Team Vitality', 'France', '2015-12-09', 'Fabien Devide', 3, 1),
(23, 'Evil Geniuses', 'United States', '2019-09-26', 'PEAK6 Investments LLC', 9, 4),
(24, 'Golden Guardians', 'United States', '2017-11-20', 'Golden State Warriors', 11, 4),
(25, 'Dignitas', 'United States', '2019-06-06', 'Philadelphia 76ers', 10, 4),
(26, 'Immortals', 'United States', '2019-10-09', 'Immortals Gaming Club', 6, 4),
(27, 'Team Liquid', 'United States', '2015-01-06', 'Victor \"Nazgul\" Goossens', 6, 4),
(28, 'Counter Logic Gaming', 'Canada', '2010-04-16', 'George \"HotshotGG\" Georgallidis', 6, 4),
(29, 'eStar', 'China', '2019-12-11', 'Wu \"XiaoT\" Juwei', 12, 3),
(30, 'Top Esports', 'China', '2019-05-15', 'Guo Hao', 7, 3),
(31, 'EDward Gaming', 'China', '2014-02-07', 'Edward Gaming International', 13, 3),
(32, 'Oh My God', 'China', '2012-05-09', 'Hou Ge-Ting', 13, 3),
(33, 'Team WE', 'China', '2011-03-21', 'Team World Elite', 13, 3),
(34, 'Vici Gaming', 'China', '2012-09-21', 'Vici Gaming', 13, 3),
(35, 'KT Rolster', 'South Korea', '2012-10-10', 'KT Corporation', 8, 2),
(36, 'Afreeca Freecs', 'South Korea', '2015-12-29', 'AfreecaTV', 8, 2),
(37, 'APK Prince', 'South Korea', '2016-10-06', 'APPSKING Co., Ltd.', 8, 2),
(38, 'Hanwha Life Esports', 'South Korea', '2018-04-15', 'Hanwha Life Insurance Co., Ltd.', 8, 2),
(39, 'SANDBOX Gaming', 'South Korea', '2018-12-18', 'Lee Pil-seong', 8, 2),
(40, 'Griffin', 'South Korea', '2016-11-15', 'STILL8', 8, 2),
(41, 'Rogue Warriors', 'China', '2017-12-15', 'ASUS ROG', 7, 3),
(42, 'LGD Gaming', 'China', '2012-02-20', 'LGD Gaming', 13, 3),
(43, 'Taipei Assassins (Disbanded Team)', 'Taiwan', '2012-03-09', 'J Team', 14, 5),
(44, 'Samsung Galaxy (Disbanded Team)', 'South Korea', '2013-09-07', 'Samsung Electronics', 8, 2);

-- --------------------------------------------------------

--
-- Estructura de tabla para la tabla `equipo_campeonato`
--

CREATE TABLE `equipo_campeonato` (
  `cod_equipo` int(11) NOT NULL,
  `cod_campeonato` int(11) NOT NULL
) ENGINE=InnoDB DEFAULT CHARSET=latin1;

--
-- Volcado de datos para la tabla `equipo_campeonato`
--

INSERT INTO `equipo_campeonato` (`cod_equipo`, `cod_campeonato`) VALUES
(1, 1),
(1, 2),
(1, 3),
(1, 4),
(1, 5),
(1, 6),
(1, 7),
(1, 8),
(1, 9),
(1, 10),
(1, 11),
(1, 12),
(1, 13),
(1, 14),
(1, 15),
(1, 16),
(1, 17),
(1, 100),
(1, 101),
(1, 102),
(1, 103),
(2, 1),
(2, 2),
(2, 3),
(2, 4),
(2, 5),
(2, 6),
(2, 7),
(2, 8),
(2, 9),
(2, 10),
(2, 11),
(2, 12),
(2, 13),
(2, 14),
(2, 15),
(2, 16),
(2, 17),
(2, 18),
(2, 19),
(2, 20),
(2, 21),
(2, 100),
(2, 101),
(2, 102),
(2, 104),
(2, 105),
(2, 106),
(2, 107),
(3, 1),
(3, 3),
(3, 4),
(3, 5),
(3, 13),
(3, 15),
(3, 16),
(3, 17),
(3, 18),
(3, 19),
(3, 104),
(4, 1),
(5, 22),
(5, 23),
(5, 24),
(5, 25),
(5, 26),
(5, 27),
(5, 28),
(5, 29),
(5, 30),
(5, 31),
(5, 32),
(5, 33),
(5, 34),
(5, 35),
(5, 36),
(5, 37),
(5, 38),
(5, 40),
(5, 41),
(5, 42),
(5, 43),
(5, 44),
(5, 45),
(5, 46),
(5, 47),
(5, 48),
(5, 100),
(5, 101),
(5, 102),
(5, 103),
(5, 104),
(5, 105),
(5, 106),
(6, 22),
(6, 23),
(6, 24),
(6, 25),
(6, 26),
(6, 27),
(6, 28),
(6, 29),
(6, 30),
(6, 31),
(6, 32),
(6, 33),
(6, 34),
(6, 35),
(6, 36),
(6, 37),
(6, 38),
(6, 39),
(6, 40),
(6, 41),
(6, 42),
(6, 43),
(6, 44),
(6, 45),
(6, 46),
(6, 47),
(6, 48),
(6, 49),
(6, 50),
(6, 102),
(6, 103),
(6, 104),
(6, 105),
(6, 106),
(6, 107),
(6, 108),
(7, 22),
(7, 24),
(7, 26),
(7, 27),
(7, 28),
(7, 29),
(7, 30),
(7, 101),
(8, 22),
(8, 24),
(8, 25),
(8, 26),
(8, 27),
(8, 28),
(8, 30),
(8, 32),
(8, 33),
(8, 34),
(9, 51),
(9, 52),
(9, 53),
(9, 54),
(9, 55),
(9, 56),
(9, 57),
(9, 58),
(9, 59),
(9, 60),
(9, 61),
(9, 62),
(9, 63),
(9, 64),
(9, 65),
(9, 66),
(9, 67),
(9, 68),
(9, 69),
(9, 70),
(9, 72),
(9, 73),
(9, 74),
(9, 77),
(9, 78),
(9, 100),
(9, 101),
(9, 104),
(9, 108),
(10, 51),
(10, 52),
(10, 53),
(10, 54),
(10, 55),
(10, 56),
(10, 58),
(10, 100),
(11, 52),
(11, 53),
(11, 54),
(11, 55),
(11, 56),
(11, 57),
(11, 58),
(11, 60),
(12, 51),
(12, 52),
(12, 53),
(12, 54),
(12, 55),
(12, 56),
(12, 57),
(12, 58),
(12, 59),
(12, 60),
(12, 61),
(12, 62),
(12, 63),
(12, 64),
(12, 65),
(12, 66),
(12, 68),
(12, 100),
(12, 101),
(12, 102),
(12, 103),
(13, 79),
(13, 81),
(13, 83),
(13, 84),
(13, 85),
(13, 101),
(14, 79),
(14, 80),
(14, 81),
(14, 82),
(14, 83),
(14, 85),
(14, 86),
(14, 87),
(14, 88),
(14, 89),
(14, 90),
(14, 91),
(14, 92),
(14, 93),
(14, 94),
(14, 95),
(14, 96),
(14, 97),
(14, 98),
(14, 99),
(14, 100),
(14, 102),
(14, 103),
(14, 104),
(14, 106),
(15, 79),
(15, 81),
(15, 82),
(15, 83),
(15, 84),
(15, 85),
(15, 86),
(15, 87),
(16, 79),
(16, 80),
(16, 81),
(16, 82),
(16, 83),
(16, 100),
(17, 1),
(17, 3),
(17, 5),
(17, 6),
(17, 7),
(17, 9),
(17, 10),
(17, 11),
(17, 12),
(17, 13),
(17, 102),
(18, 1),
(18, 2),
(18, 3),
(18, 5),
(19, 1),
(19, 3),
(19, 5),
(20, 1),
(20, 2),
(20, 3),
(20, 5),
(20, 6),
(20, 7),
(20, 9),
(20, 15),
(21, 1),
(21, 3),
(21, 4),
(21, 5),
(21, 19),
(21, 20),
(21, 21),
(21, 105),
(21, 108),
(22, 1),
(22, 2),
(22, 3),
(22, 4),
(22, 5),
(22, 6),
(22, 7),
(22, 8),
(22, 9),
(22, 11),
(22, 13),
(22, 15),
(22, 16),
(22, 17),
(22, 101),
(23, 22),
(23, 44),
(23, 46),
(24, 22),
(24, 24),
(24, 25),
(24, 26),
(24, 28),
(24, 30),
(25, 22),
(25, 31),
(25, 32),
(25, 33),
(25, 34),
(25, 38),
(25, 39),
(25, 40),
(25, 42),
(25, 43),
(25, 44),
(25, 45),
(25, 46),
(25, 47),
(25, 48),
(25, 49),
(25, 50),
(25, 108),
(26, 22),
(26, 31),
(26, 32),
(26, 34),
(26, 35),
(26, 36),
(26, 37),
(26, 38),
(26, 102),
(27, 22),
(27, 23),
(27, 24),
(27, 25),
(27, 26),
(27, 27),
(27, 28),
(27, 29),
(27, 30),
(27, 32),
(27, 34),
(27, 35),
(27, 36),
(27, 37),
(27, 38),
(27, 39),
(27, 40),
(27, 41),
(27, 42),
(27, 100),
(27, 101),
(28, 22),
(28, 23),
(28, 24),
(28, 26),
(28, 28),
(28, 30),
(28, 31),
(28, 32),
(28, 33),
(28, 34),
(28, 35),
(28, 36),
(28, 37),
(28, 38),
(28, 39),
(28, 40),
(28, 41),
(28, 42),
(28, 43),
(28, 44),
(28, 45),
(28, 46),
(28, 47),
(28, 48),
(28, 49),
(28, 50),
(28, 103),
(28, 104),
(28, 107),
(30, 51),
(30, 52),
(31, 51),
(31, 52),
(31, 53),
(31, 54),
(31, 55),
(31, 56),
(31, 57),
(31, 58),
(31, 59),
(31, 60),
(31, 61),
(31, 62),
(31, 63),
(31, 64),
(31, 65),
(31, 66),
(31, 67),
(31, 68),
(31, 69),
(31, 70),
(31, 71),
(31, 72),
(31, 73),
(31, 74),
(31, 101),
(31, 102),
(31, 103),
(31, 104),
(31, 105),
(32, 52),
(32, 54),
(32, 56),
(32, 58),
(32, 59),
(32, 60),
(32, 61),
(32, 62),
(32, 64),
(32, 66),
(32, 67),
(32, 68),
(32, 69),
(32, 70),
(32, 71),
(32, 72),
(32, 73),
(32, 74),
(32, 75),
(32, 76),
(32, 77),
(32, 78),
(32, 105),
(32, 106),
(33, 52),
(33, 53),
(33, 54),
(33, 56),
(33, 57),
(33, 58),
(33, 59),
(33, 60),
(33, 61),
(33, 62),
(33, 63),
(33, 64),
(33, 65),
(33, 66),
(33, 68),
(33, 69),
(33, 70),
(33, 72),
(33, 73),
(33, 74),
(33, 75),
(33, 76),
(33, 77),
(33, 78),
(33, 102),
(33, 108),
(34, 52),
(34, 54),
(34, 56),
(34, 58),
(34, 62),
(34, 63),
(34, 64),
(34, 65),
(34, 66),
(34, 67),
(34, 68),
(34, 69),
(34, 70),
(35, 79),
(35, 81),
(35, 83),
(35, 84),
(35, 85),
(35, 86),
(35, 87),
(35, 88),
(35, 89),
(35, 90),
(35, 91),
(35, 92),
(35, 93),
(35, 94),
(35, 95),
(35, 96),
(35, 97),
(35, 99),
(35, 101),
(35, 104),
(36, 79),
(36, 80),
(36, 81),
(36, 83),
(36, 84),
(36, 85),
(36, 86),
(36, 87),
(36, 88),
(36, 89),
(36, 90),
(36, 91),
(36, 92),
(36, 93),
(36, 94),
(36, 95),
(36, 101),
(37, 79),
(38, 79),
(38, 81),
(38, 83),
(38, 85),
(39, 79),
(39, 80),
(39, 81),
(39, 82),
(39, 83),
(40, 79),
(40, 80),
(40, 81),
(40, 82),
(40, 83),
(40, 84),
(40, 85),
(40, 100),
(41, 52),
(41, 54),
(41, 55),
(41, 56),
(41, 57),
(41, 58),
(42, 52),
(42, 54),
(42, 56),
(42, 58),
(42, 60),
(42, 62),
(42, 64),
(42, 65),
(42, 66),
(42, 67),
(42, 68),
(42, 69),
(42, 70),
(42, 71),
(42, 72),
(42, 74),
(42, 104),
(43, 108),
(44, 88),
(44, 89),
(44, 90),
(44, 91),
(44, 92),
(44, 93),
(44, 97),
(44, 99),
(44, 102),
(44, 105);

-- --------------------------------------------------------

--
-- Estructura de tabla para la tabla `equipo_patrocinador`
--

CREATE TABLE `equipo_patrocinador` (
  `cod_equipo` int(11) NOT NULL,
  `cod_patrocinador` int(11) NOT NULL
) ENGINE=InnoDB DEFAULT CHARSET=latin1;

--
-- Volcado de datos para la tabla `equipo_patrocinador`
--

INSERT INTO `equipo_patrocinador` (`cod_equipo`, `cod_patrocinador`) VALUES
(1, 1),
(1, 2),
(1, 3),
(1, 4),
(1, 5),
(1, 6),
(2, 7),
(2, 8),
(2, 9),
(2, 10),
(2, 11),
(2, 12),
(2, 13),
(3, 1),
(3, 14),
(3, 15),
(3, 16),
(3, 17),
(4, 18),
(5, 5),
(5, 17),
(5, 19),
(5, 20),
(5, 21),
(5, 22),
(5, 23),
(5, 24),
(6, 1),
(6, 5),
(6, 21),
(6, 25),
(6, 26),
(6, 27),
(6, 28),
(6, 29),
(6, 30),
(7, 19),
(7, 22),
(7, 31),
(7, 32),
(7, 33),
(9, 34),
(9, 35),
(9, 36),
(9, 37),
(9, 38),
(9, 39),
(9, 40),
(9, 41),
(9, 42),
(10, 43),
(11, 44),
(12, 1),
(12, 45),
(12, 46),
(12, 47),
(12, 48),
(12, 49),
(13, 38),
(13, 50),
(13, 51),
(13, 52),
(13, 53),
(14, 1),
(14, 22),
(14, 38),
(14, 54),
(14, 55),
(14, 56),
(14, 57),
(15, 1),
(15, 19),
(15, 21),
(15, 58),
(16, 1),
(16, 38),
(16, 59),
(16, 60),
(17, 61),
(17, 62),
(18, 63),
(18, 64),
(18, 65),
(18, 66),
(18, 67),
(19, 17),
(19, 68),
(19, 69),
(19, 70),
(19, 71),
(19, 72),
(19, 73),
(20, 74),
(20, 75),
(20, 76),
(21, 77),
(21, 78),
(21, 79),
(21, 80),
(21, 81),
(22, 5),
(22, 17),
(22, 32),
(22, 82),
(22, 83),
(22, 84),
(22, 85),
(22, 86),
(23, 5),
(23, 8),
(23, 10),
(23, 32),
(23, 87),
(23, 88),
(24, 89),
(24, 90),
(25, 21),
(25, 91),
(25, 92),
(25, 93),
(25, 94),
(25, 95),
(25, 96),
(25, 97),
(26, 79),
(26, 81),
(26, 98),
(26, 99),
(26, 100),
(26, 101),
(27, 5),
(27, 6),
(27, 8),
(27, 21),
(27, 61),
(27, 102),
(27, 103),
(27, 104),
(28, 5),
(28, 17),
(28, 34),
(28, 105),
(28, 106),
(28, 107),
(28, 108),
(28, 109),
(28, 110),
(29, 55),
(30, 55),
(31, 9),
(31, 28),
(31, 111),
(31, 112),
(31, 113),
(31, 114),
(31, 115),
(32, 116),
(32, 117),
(32, 118),
(32, 119),
(33, 21),
(33, 46),
(33, 120),
(33, 121),
(33, 122),
(33, 123),
(34, 9),
(34, 122),
(34, 124),
(34, 125),
(34, 126),
(35, 38),
(35, 127),
(35, 128),
(35, 129),
(36, 130),
(36, 131),
(36, 132),
(36, 133),
(37, 134),
(37, 135),
(37, 136),
(37, 137),
(38, 38),
(38, 138),
(38, 139),
(38, 140),
(39, 1),
(39, 38),
(39, 141),
(39, 142),
(40, 34),
(40, 38),
(40, 143),
(40, 144),
(41, 8),
(41, 114),
(41, 145),
(42, 21),
(42, 32),
(42, 46),
(42, 146),
(42, 147);

-- --------------------------------------------------------

--
-- Estructura de tabla para la tabla `jugadores`
--

CREATE TABLE `jugadores` (
  `cod_jugador` int(11) NOT NULL,
  `nombre_completo` varchar(50) NOT NULL,
  `apodo` varchar(25) NOT NULL,
  `nacionalidad` varchar(25) NOT NULL,
  `fecha_nacimiento` date NOT NULL,
  `rol` varchar(25) NOT NULL,
  `cod_equipo` int(11) NOT NULL
) ENGINE=InnoDB DEFAULT CHARSET=latin1;

--
-- Volcado de datos para la tabla `jugadores`
--

INSERT INTO `jugadores` (`cod_jugador`, `nombre_completo`, `apodo`, `nacionalidad`, `fecha_nacimiento`, `rol`, `cod_equipo`) VALUES
(1, 'Martin Nordahl Hansen', 'Wunder', 'Denmark', '1998-11-09', 'Top Laner', 1),
(2, 'Marcin Jankowski', 'Jankos', 'Poland', '1995-07-23', 'Jungler', 1),
(3, 'Luka Perkovi?', 'PERKZ', 'Croatia', '1998-09-30', 'Mid Laner', 1),
(4, 'Rasmus Borregaard Winther', 'Caps', 'Denmark', '1999-11-17', 'Bot Laner', 1),
(5, 'Mihael Mehle', 'Mikyx', 'Slovenia', '1998-11-02', 'Support', 1),
(6, 'Kristoffer Albao Lund Pedersen', 'P1noy', 'Denmark', '1996-05-16', 'Sub/Bot Laner', 1),
(7, 'Gabriël Rau', 'Bwipo', 'Belgium', '1998-12-24', 'Top Laner', 2),
(8, 'Oskar Boderek', 'Selfmade', 'Poland', '1999-12-15', 'Jungler', 2),
(9, 'Tim Lipovšek', 'Nemesis', 'Slovenia', '1999-07-26', 'Mid Laner', 2),
(10, 'Martin Larsson', 'Rekkles', 'Sweden', '1996-09-20', 'Bot Laner', 2),
(11, 'Zdravets Iliev Galabov', 'Hylissang', 'Bulgaria', '1995-04-30', 'Support', 2),
(12, 'Barney Morris', 'Alphari', 'United Kingdom', '1999-10-20', 'Top Laner', 3),
(13, 'Andrei Dragomir', 'Xerxe', 'Romania', '1999-11-05', 'Jungler', 3),
(14, 'Erlend Våtevik Holm', 'Nukeduck', 'Norway', '1996-05-21', 'Mid Laner', 3),
(15, 'Elias Lipp', 'Upset', 'Germany', '1999-12-16', 'Bot Laner', 3),
(16, 'Mitchell Shaw', 'Destiny', 'Australia', '1997-10-27', 'Support', 3),
(17, 'Aleksi Kaikkonen', 'H1IVA', 'Finland', '1994-08-31', 'Sub/Support', 3),
(18, 'Andrei Popa', 'Orome', 'Romania', '1994-01-16', 'Top Laner', 4),
(19, 'Zhiqiang Zhao', 'Shad0w', 'Italy', '2001-02-25', 'Jungler', 4),
(20, 'Marek Brázda', 'Humanoid', 'Czech Republic', '2000-03-14', 'Mid Laner', 4),
(21, 'Matyáš Orság', 'Carzzy', 'Czech Republic', '2002-01-31', 'Bot Laner', 4),
(22, 'Norman Kaiser', 'Kaiser', 'Germany', '1998-11-19', 'Support', 4),
(23, 'Eric Ritchie', 'Licorice', 'Canada', '1997-09-30', 'Top Laner', 5),
(24, 'Robert Huang', 'Blaber', 'United States', '2000-01-04', 'Jungler', 5),
(25, 'Yasin Dinçer', 'Nisqy', 'Belgium', '1998-07-28', 'Mid Laner', 5),
(26, 'Jesper Svenningsen', 'Zven', 'Denmark', '1997-06-24', 'Bot Laner', 5),
(27, 'Philippe Laflamme', 'Vulcan', 'Canada', '1999-04-20', 'Support', 5),
(28, 'Sergen Çelik', 'Broken Blade', 'Germany', '2000-01-19', 'Top Laner', 6),
(29, 'Joshua Hartnett', 'Dardoch', 'United States', '1998-04-10', 'Jungler', 6),
(30, 'Søren Bjerg', 'Bjergsen', 'Denmark', '1996-02-21', 'Mid Laner', 6),
(31, 'Kasper Kobberup', 'Kobbe', 'Denmark', '1996-09-21', 'Bot Laner', 6),
(32, 'Vincent Wang', 'Biofrost', 'Canada', '1996-09-17', 'Support', 6),
(33, 'Kim Chan-ho', 'Ssumday', 'South Korea', '1996-07-03', 'Top Laner', 7),
(34, 'William Hartman', 'Meteos', 'United States', '1993-06-13', 'Jungler', 7),
(35, 'Tommy Le', 'Ryoma', 'Australia', '1999-06-25', 'Mid Laner', 7),
(36, 'Sun Li-Yu', 'Cody Sun', 'Canada', '1997-04-25', 'Bot Laner', 7),
(37, 'William Chen', 'Stunt', 'United States', '1995-11-13', 'Support', 7),
(38, 'Omran Shoura', 'V1per', 'Canada', '1998-01-25', 'Top Laner', 8),
(39, 'Lucas Tao Kilmer Larsen', 'Santorin', 'Denmark', '1997-05-06', 'Jungler', 8),
(40, 'Tristan Schrage', 'PowerOfEvil', 'Germany', '1997-10-27', 'Mid Laner', 8),
(41, 'Jason Tran', 'WildTurtle', 'Canada', '1995-02-09', 'Bot Laner', 8),
(42, 'Lee Dong-geun', 'IgNar', 'South Korea', '1996-11-20', 'Support', 8),
(43, 'Colin Earnest', 'Solo', 'United States', '1993-05-26', 'Sub/Top Laner', 8),
(44, 'Danny Le Comte', 'Dan Dan', 'Netherlands', '1995-09-07', 'Top Laner', 17),
(45, 'Iván Martín Díaz', 'Razork', 'Spain', '2000-10-07', 'Jungler', 17),
(46, 'Fabian Diepstraten', 'Febiven', 'Netherlands', '1996-09-23', 'Mid Laner', 17),
(47, 'Ju Yeong-hoon', 'Bvoy', 'South Korea', '1997-12-18', 'Bot Laner', 17),
(48, 'Petr Haramach', 'denyk', 'Czech Republic', '1995-04-30', 'Support', 17),
(49, 'Ronaldo Betea', 'Ronaldo', 'Romania', '1995-11-01', 'Sub/Mid Laner', 17),
(50, 'Finn Wiestål', 'Finn', 'Sweden', '1999-06-03', 'Top Laner', 18),
(51, 'Kacper S?oma', 'Inspired', 'Poland', '2002-01-24', 'Jungler', 18),
(52, 'Emil Larsson', 'Larssen', 'Sweden', '2000-03-30', 'Mid Laner', 18),
(53, 'Steven Liv', 'Hans sama', 'France', '1999-09-02', 'Bot Laner', 18),
(54, 'Oskar Bogdan', 'Vander', 'Poland', '1994-04-18', 'Support', 18),
(55, 'Ki Dae-han', 'Expect', 'South Korea', '1994-07-04', 'Top Laner', 19),
(56, 'Marc Robert Lamont', 'Caedrel', 'United Kingdom', '1996-03-19', 'Jungler', 19),
(57, 'Son Young-min', 'Mickey', 'South Korea', '1997-07-15', 'Mid Laner', 19),
(58, 'Patrik Jír?', 'Patrik', 'Czech Republic', '2000-04-07', 'Bot Laner', 19),
(59, 'Tore Hoel Eilertsen', 'Tore', 'Norway', '1999-12-27', 'Support', 19),
(60, 'Rosendo Fuentes Bóveda', 'Send0o', 'Spain', '1995-07-12', 'Sub/Top Laner', 19),
(61, 'Christian Vendelbo Bylling Jensen', 'Taxer', 'Denmark', '1999-06-05', 'Sub/Jungler', 19),
(62, 'Joran Scheffer', 'Special', 'Netherlands', '1998-01-27', 'Sub/Mid Laner', 19),
(63, 'Raymond Tsang', 'kaSing', 'United Kingdom', '1993-12-08', 'Sub/Support', 19),
(64, 'Andrei Pascu', 'Odoamne', 'Romania', '1995-01-18', 'Top Laner', 20),
(65, 'Lukas Thoma', 'Lurox', 'Germany', '1999-06-07', 'Jungler', 20),
(66, 'Felix Braun', 'Abbedagge', 'Germany', '1998-09-10', 'Mid Laner', 20),
(67, 'Nihat Aliev', 'Innaxe', 'Bulgaria', '1999-03-23', 'Bot Laner', 20),
(68, 'Han Min-kook', 'Dreams', 'South Korea', '1998-03-07', 'Support', 20),
(69, 'Erberk Demir', 'Gilius', 'Germany', '1997-01-05', 'Sub/Jungler', 20),
(70, 'Konstantinos-Napoleon Tzortziou', 'FORG1VEN', 'Greece', '1992-07-23', 'Sub/Bot Lane', 20),
(71, 'Toni Sabali?', 'Sacre', 'Croatia', '1996-09-07', 'Top Laner', 21),
(72, 'Simon Tschammer', 'Ventair', 'Germany', '1998-06-14', 'Sub/Top Laner', 21),
(73, 'Kim Gang-yun', 'Trick', 'South Korea', '1995-07-11', 'Jungler', 21),
(74, 'Janik Bartels', 'Jenax', 'Germany', '1998-12-10', 'Mid Laner', 21),
(75, 'Juš Maruši?', 'Crownshot', 'Slovenia', '1998-04-17', 'Bot Laner', 21),
(76, 'Dino Tot', 'LIMIT', 'Croatia', '1997-12-27', 'Support', 21),
(77, 'Lucas Simon-Meslet', 'Cabochard', 'France', '1997-04-14', 'Top Laner', 22),
(78, 'Lee Jae-ha', 'Mowgli', 'South Korea', '1998-04-14', 'Jungler', 22),
(79, 'Duncan Marquet', 'Skeanz', 'France', '2000-09-25', 'Sub/Jungler', 22),
(80, 'Aljoša Kovandži?', 'Milica', 'Serbia', '1997-03-29', 'Mid Laner', 22),
(81, 'Markos Stamkopoulos', 'Comp', 'Greece', '2001-12-20', 'Bot Laner', 22),
(82, 'Jakub Skurzy?ski', 'Jactroll', 'Poland', '1998-08-05', 'Support', 22),
(83, 'Pierre Medjaldi', 'Steeelback', 'France', '1996-08-16', 'Sub/Support', 22),
(84, 'Mitch Voorspoels', 'Boris', 'Belgium', '1990-05-08', 'Sub/Support', 22),
(85, 'Colin Zhao', 'Kumo', 'United States', '2000-03-09', 'Top Laner', 23),
(86, 'Dennis Johnsen', 'Svenskeren', 'Denmark', '1996-01-02', 'Jungler', 23),
(87, 'Daniele di Mauro', 'Jiizuke', 'Italy', '1996-01-14', 'Mid Laner', 23),
(88, 'Bae Jun-sik', 'Bang', 'South Korea', '1996-05-18', 'Bot Laner', 23),
(89, 'Tristan Stidam', 'Zeyzal', 'United States', '1999-07-07', 'Support', 23),
(90, 'Kevin Yarnell', 'Hauntzer', 'United States', '1995-05-20', 'Top Laner', 24),
(91, 'Can Çelik', 'Closer', 'Turkey', '1998-09-29', 'Jungler', 24),
(92, 'Greyson Gregory Gilmer', 'Goldenglue', 'United States', '1996-11-23', 'Mid Laner', 24),
(93, 'Ian Victor Huang', 'FBI', 'Australia', '1996-12-26', 'Bot Laner', 24),
(94, 'Yuri Jew', 'Keith', 'United States', '1997-11-23', 'Support', 24),
(95, 'Choi Jae-hyun', 'huhi', 'South Korea', '1995-04-03', 'Sub/Support', 24),
(96, 'Heo Seung-hoon', 'Huni', 'South Korea', '1997-12-25', 'Top Laner', 25),
(97, 'Jonathan Armao', 'Grig', 'United States', '1997-09-09', 'Jungler', 25),
(98, 'Matthew Higginbotham', 'Akaadian', 'United States', '1996-12-26', 'Sub/Jungler', 25),
(99, 'Henrik Hansen', 'Froggen', 'Denmark', '1994-02-21', 'Mid Laner', 25),
(100, 'Johnson Nguyen', 'Johnsun', 'Canada', '1999-01-03', 'Bot Laner', 25),
(101, 'Zaqueri Black', 'aphromoo', 'United States', '1992-09-08', 'Support', 25),
(102, 'Paul Boyer', 'sOAZ', 'France', '1994-01-09', 'Top Laner', 26),
(103, 'Jake Kevin Puchero', 'Xmithie', 'United States', '1991-05-10', 'Jungler', 26),
(104, 'Jérémy Valdenaire', 'Eika', 'France', '1996-07-19', 'Mid Laner', 26),
(105, 'Johnny Ru', 'Altec', 'Canada', '1997-05-08', 'Bot Laner', 26),
(106, 'Apollo Price', 'Apollo', 'United States', '1994-08-15', 'Sub/Bot Laner', 26),
(107, 'Nickolas Surgent', 'Hakuho', 'United States', '1995-02-26', 'Support', 26),
(108, 'Jung Eon-yeong', 'Impact', 'South Korea', '1995-03-07', 'Top Laner', 27),
(109, 'Mads Brock-Pedersen', 'Broxah', 'Denmark', '1997-08-12', 'Jungler', 27),
(110, 'Nicolaj Jensen', 'Jensen', 'Denmark', '1995-01-01', 'Mid Laner', 27),
(111, 'Yiliang Peng', 'Doublelift', 'United States', '1993-07-19', 'Bot Laner', 27),
(112, 'Edward Ra', 'Tactical', 'United States', '2000-08-18', 'Sub/Bot Laner', 27),
(113, 'Jo Yong-in', 'CoreJJ', 'South Korea', '1994-06-22', 'Support', 27),
(114, 'Ashkan Homayouni', 'TF Blade', 'Canada', '1997-09-12', 'Sub/Top Laner', 27),
(115, 'Kim Hyeong-min', 'Ruin', 'South Korea', '1995-11-16', 'Top Laner', 28),
(116, 'Raymond Griffin', 'Wiggily', 'United States', '1997-09-11', 'Jungler', 28),
(117, 'Eugene Park', 'Pobelter', 'United States', '1996-10-14', 'Mid Laner', 28),
(118, 'Trevor Hayes', 'Stixxay', 'United States', '1997-03-16', 'Bot Laner', 28),
(119, 'Oh Myeong-jin', 'Wind', 'South Korea', '1999-04-11', 'Sub/Bot Laner', 28),
(120, 'Andy Ta', 'Smoothie', 'Canada', '1997-02-10', 'Support', 28),
(121, 'Yang Zhong-He', 'Xiaobai', 'China', '1999-02-15', 'Top Laner', 29),
(122, 'Yan Yang-Wei', 'Wei', 'China', '2002-11-09', 'Jungler', 29),
(123, 'Yuan Cheng-Wei', 'Cryin', 'China', '2000-11-05', 'Mid Laner', 29),
(124, 'Zhang Rui', 'Wink', 'China', '1999-11-02', 'Bot Laner', 29),
(125, 'Liu Chia-Hao', 'ShiauC', 'Taiwan', '1999-07-12', 'Support', 29),
(126, 'Bai Jia-Hao', '369', 'China', '2001-11-05', 'Top Laner', 30),
(127, 'Hung Hao-Hsuan', 'Karsa', 'Taiwan', '1997-02-14', 'Jungler', 30),
(128, 'Zhuo Ding', 'knight', 'China', '2000-05-22', 'Mid Laner', 30),
(129, 'Yu Wen-Bo', 'JackeyLove', 'China', '2000-11-18', 'Bot Laner', 30),
(130, 'Ying Qi-Shen', 'Photic', 'China', '2002-10-11', 'Sub/Bot Laner', 30),
(131, 'Liang Jia-Yuan', 'yuyanjia', 'China', '1997-08-30', 'Support', 30),
(132, 'Zhang Ming', 'QiuQiu', 'China', '1998-04-17', 'Sub/Support', 30),
(133, 'Xiong Hui-Dong', 'Moyu', 'China', '1997-08-23', 'Sub/Top Laner', 30),
(134, 'Mao An', 'AKi', 'China', '2000-04-09', 'Sub/Jungler', 30),
(135, 'Lim Jin-woo', 'Jinoo', 'South Korea', '1995-01-23', 'Sub/Top Laner', 31),
(136, 'Zhao Ao-Di', 'Aodi', 'China', '2000-05-28', 'Sub/Top Laner', 31),
(137, 'Huang Xiang', 'xiaoxiang', 'China', '2002-03-18', 'Top Laner', 31),
(138, 'Zhao Li-Jie', 'Jiejie', 'China', '2001-10-27', 'Jungler', 31),
(139, 'Chang Ping', 'Xinyi', 'China', '1995-04-04', 'Sub/Jungler', 31),
(140, 'Lee Ye-chan', 'Scout', 'South Korea', '1998-03-14', 'Mid Laner', 31),
(141, 'Wang Jie', 'Hope', 'China', '2000-09-29', 'Bot Laner', 31),
(142, 'Tian Ye', 'Meiko', 'China', '1998-06-06', 'Support', 31),
(143, 'Yu Chun-Chia', 'JunJia', 'Taiwan', '2002-06-10', 'Sub/Jungler', 31),
(144, 'Chen Chen', 'Curse', 'China', '2001-02-19', 'Top Laner', 32),
(145, 'Yang Zhi-Hao', 'H4cker', 'China', '1999-01-15', 'Jungler', 32),
(146, 'Xie Tian-Yu', 'icon', 'China', '1996-05-22', 'Mid Laner', 32),
(147, 'Han Jin', 'Smlz', 'China', '1997-09-24', 'Bot Laner', 32),
(148, 'Liu Shi-Yu', 'cold', 'China', '1997-02-01', 'Support', 32),
(149, 'Chen Hao', 'Kane', 'China', '1996-06-26', 'Sub/Bot Laner', 32),
(150, 'Park Gi-tae', 'Morgan', 'South Korea', '2001-09-26', 'Top Laner', 33),
(151, 'Jiang Zhi-Peng', 'beishang', 'China', '2000-10-15', 'Jungler', 33),
(152, 'Jiang Chen', 'Teacherma', 'China', '1999-06-19', 'Mid Laner', 33),
(153, 'Bae Ho-young', 'Plex', 'South Korea', '2001-07-23', 'Sub/Mid Laner', 33),
(154, 'Zhao Jia-Hao', 'Jiumeng', 'China', '2001-09-29', 'Bot Laner', 33),
(155, 'Lou Yun-Feng', 'Missing', 'China', '2001-05-26', 'Support', 33),
(156, 'Kim Min-cheol', 'Poss', 'South Korea', '1998-05-02', 'Sub/Top Laner', 33),
(157, 'Dai Yi', 'Cube', 'China', '2002-07-14', 'Top Laner', 34),
(158, 'Zhu De-Zhang', 'Zdz', 'China', '2001-12-03', 'Sub/Top Laner', 34),
(159, 'Li Yang', 'Aix', 'China', '1999-09-24', 'Jungler', 34),
(160, 'Lee Jae-yub', 'Chieftain', 'South Korea', '2000-11-16', 'Sub/Jungler', 34),
(161, 'Deng Jie', 'Forge', 'China', '2000-09-01', 'Mid Laner', 34),
(162, 'Kim Geon-woo', 'Zeka', 'South Korea', '2002-11-28', 'Sub/Mid Laner	', 34),
(163, 'Hu Xian-Zhao', 'iBoy', 'China', '2000-07-12', 'Bot Laner', 34),
(164, 'Hu Jian-Xin', 'Maestro', 'China', '1998-04-24', 'Support', 34),
(165, 'Fu Ming-Hang', 'Hang', 'China', '2003-02-05', 'Sub/Support', 34),
(166, 'Kim Jun-yeong', 'SoHwan', 'South Korea', '1996-10-24', 'Top Laner', 35),
(167, 'Jeon Ji-won', 'Ray', 'South Korea', '1998-03-15', 'Sub/Top Laner', 35),
(168, 'Kim Gi-beom', 'bonO', 'South Korea', '1995-02-27', 'Jungler', 35),
(169, 'Kim Geun-seong', 'Malrang', 'South Korea', '2000-02-09', 'Sub/Jungler', 35),
(170, 'Lee Seo-haeng', 'Kuro', 'South Korea', '1994-01-04', 'Mid Laner', 35),
(171, 'Kim Ha-ram', 'Aiming', 'South Korea', '2000-06-20', 'Bot Laner', 35),
(172, 'Park Jong-ik', 'TusiN', 'South Korea', '1995-11-12', 'Support', 35),
(173, 'Kim Gi-in', 'Kiin', 'South Korea', '1999-05-28', 'Top Laner', 36),
(174, 'Lee Da-yoon', 'Spirit', 'South Korea', '1996-07-01', 'Jungler', 36),
(175, 'Lee Jin-hyeok', 'Dread', 'South Korea', '2000-06-07', 'Sub/Jungler', 36),
(176, 'Song Yong-jun', 'Fly', 'South Korea', '1996-02-25', 'Mid Laner', 36),
(177, 'Kim Tae-yang', 'ALL IN', 'South Korea', '1997-11-20', 'Sub/Mid Laner', 36),
(178, 'Jin Seong-jun', 'Mystic', 'South Korea', '1995-01-08', 'Bot Laner', 36),
(179, 'Son Ho-gyeong', 'Jelly', 'South Korea', '1997-10-18', 'Support', 36),
(180, 'Lee Jang-hoon', 'Hoon', 'South Korea', '1999-06-04', 'Sub/Top Laner', 36),
(181, 'Seo Jin-sol', 'SS', 'South Korea', '1998-03-04', 'Sub/Bot Laner', 36),
(182, 'Nam Dong-hyun', 'Ben', 'South Korea', '1995-04-24', 'Sub/Support', 36),
(183, 'Jeon Ik-soo', 'ikssu', 'South Korea', '1996-10-22', 'Top Laner', 37),
(184, 'Sung Yeon-jun', 'Flawless', 'South Korea', '1998-06-26', 'Sub/Jungler', 37),
(185, 'Kim Joo-eon', 'Cover', 'South Korea', '1999-05-29', 'Mid Laner', 37),
(186, 'Lee Woo-jin', 'HyBriD', 'South Korea', '1999-11-27', 'Sub/Bot Laner', 37),
(187, 'Park Ki-sun', 'Secret', 'South Korea', '1997-05-27', 'Support', 37),
(188, 'Moon Chang-min', 'Alphamong', 'South Korea', '1998-10-24', 'Sub/Top Laner', 37),
(189, 'Park Hyeon-gyu', 'Kuma', 'South Korea', '2000-11-14', 'Jungler', 37),
(190, 'Kim Joon-cheol', 'Keine', 'South Korea', '1999-11-08', 'Sub/Mid Laner', 37),
(191, 'Kim Eui-joo', 'Trigger', 'South Korea', '2000-10-10', 'Bot Laner', 37),
(192, 'Choi Sang-in', 'Mia', 'South Korea', '1998-11-03', 'Sub/Support', 37),
(193, 'Lee Seong-jin', 'CuVee', 'South Korea', '1996-09-27', 'Top Laner', 38),
(194, 'Kang Min-seung', 'Haru', 'South Korea', '1998-06-03', 'Jungler', 38),
(195, 'Kang Myung-gu', 'Tempt', 'South Korea', '1998-05-13', 'Mid Laner', 38),
(196, 'Oh Hyo-seong', 'Vsta', 'South Korea', '2000-10-03', 'Bot Laner', 38),
(197, 'Son Si-woo', 'Lehends', 'South Korea', '1998-12-24', 'Support', 38),
(198, 'Kim Tae-hoon', 'Lava', 'South Korea', '1999-07-14', 'Sub/Mid Laner', 38),
(199, 'Jeon Tae-gwon', 'Zenit', 'South Korea', '2000-05-08', 'Sub/Bot Laner', 38),
(200, 'Han Gyu-joon', 'Lonely', 'South Korea', '2000-08-29', 'Sub/Top Laner	', 39),
(201, 'Park Woo-tae', 'Summit', 'South Korea', '1998-12-08', 'Top Laner', 39),
(202, 'Son Min-hyuk', 'Punch', 'South Korea', '1998-06-06', 'Sub/Jungler', 39),
(203, 'Kim Jae-yeon', 'Dove', 'South Korea', '1998-07-25', 'Mid Laner', 39),
(204, 'Moon Geom-su', 'Route', 'South Korea', '1999-01-05', 'Bot Laner', 39),
(205, 'Kang Beom-hyun', 'GorillA', 'South Korea', '1994-11-18', 'Sub/Support', 39),
(206, 'Kim Jang-gyeom', 'OnFleek', 'South Korea', '1997-12-20', 'Jungler', 39),
(207, 'Yoo Su-hyeok', 'FATE', 'South Korea', '2000-08-22', 'Sub/Mid Laner', 39),
(208, 'Han Gyeo-re', 'Leo', 'South Korea', '2000-01-12', 'Sub/Bot Laner', 39),
(209, 'Cho Jae-eup', 'Joker', 'South Korea', '1991-12-11', 'Sub/Support', 39),
(210, 'Yoon Yong-ho', 'Hoya', 'South Korea', '2000-08-25', 'Sub/Top Laner', 40),
(211, 'Choi Sung-won', 'Sword', 'South Korea', '1997-06-16', 'Sub/Top Laner', 40),
(212, 'Park Ui-jin', 'Untara', 'South Korea', '1996-12-31', 'Top Laner', 40),
(213, 'Lee Seung-yong', 'Tarzan', 'South Korea', '1999-08-23', 'Jungler', 40),
(214, 'Son Woo-hyeon', 'Ucal', 'South Korea', '2001-01-30', 'Sub/Mid Laner', 40),
(215, 'Park Do-hyeon', 'Viper', 'South Korea', '2000-10-19', 'Bot Laner', 40),
(216, 'Jeong Sang-hyeon', 'Irove', 'South Korea', '2001-12-17', 'Support', 40),
(217, 'Yoo Nae-hyun', 'Naehyun', 'South Korea', '1996-02-07', 'Mid Laner', 40),
(218, 'Kim Jae-hee', 'Crazy', 'South Korea', '1996-09-20', 'Sub/Top Laner', 41),
(219, 'Bae Jae-cheol', 'Holder', 'South Korea', '1998-06-25', 'Top Laner', 41),
(220, 'Chen Wen-Lin', 'Haro', 'China', '1998-07-21', 'Jungler', 41),
(221, 'Lee Sol-min', 'Ruby', 'South Korea', '1998-08-11', 'Mid Laner', 41),
(222, 'Wang Xin', 'Wuming', 'China', '1997-07-13', 'Sub/Mid Laner', 41),
(223, 'Mei Hong-Hui', 'ZWuJi', 'China', '1998-09-29', 'Bot Laner', 41),
(224, 'Le Yi', 'Ley', 'China', '1997-06-15', 'Support', 41),
(225, 'Chen Guo-Ji', 'Cult', 'China', '2002-03-18', 'Sub/Top Laner', 42),
(226, 'Huang Chen', 'Fenfen', 'China', '1998-08-29', 'Sub/Top Laner', 42),
(227, 'Guo Hao-Tian', 'Lies', 'China', '1997-12-28', 'Top Laner', 42),
(228, 'Han Wang-ho', 'Peanut', 'South Korea', '1998-02-03', 'Jungler', 42),
(229, 'Hu Hao-Ming', 'Yuuki', 'China', '1999-12-14', 'Mid Laner', 42),
(230, 'Ha Jong-hun', 'Kramer', 'South Korea', '1996-03-09', 'Bot Laner', 42),
(231, 'Pei Piao', 'Chance', 'China', '1998-03-15', 'Sub/Support', 42),
(232, 'Liu Dan-Yang', 'Killua', 'China', '1996-09-07', 'Support', 42),
(233, 'Zhang Yu-Nong', 'BadeMan', 'China', '1998-06-21', 'Sub/Jungler', 42);

-- --------------------------------------------------------

--
-- Estructura de tabla para la tabla `patrocinadores`
--

CREATE TABLE `patrocinadores` (
  `cod_patrocinador` int(11) NOT NULL,
  `nombre` varchar(50) NOT NULL
) ENGINE=InnoDB DEFAULT CHARSET=latin1;

--
-- Volcado de datos para la tabla `patrocinadores`
--

INSERT INTO `patrocinadores` (`cod_patrocinador`, `nombre`) VALUES
(137, 'A Twosome Place'),
(131, 'ABKO'),
(85, 'Adidas'),
(130, 'Afreeca'),
(112, 'Akko'),
(132, 'AKRacing'),
(61, 'Alienware'),
(10, 'AMD'),
(147, 'Anda Seat'),
(2, 'AOC International'),
(74, 'AOK Nordwest'),
(4, 'AORUS'),
(134, 'APK'),
(14, 'Astralis Group'),
(145, 'ASUS ROG'),
(136, 'ATOCLASSIC'),
(16, 'Audi'),
(49, 'AXE'),
(102, 'aXiomatic'),
(104, 'Ballistix'),
(113, 'BB-Esports Community'),
(37, 'Bixin'),
(68, 'BT'),
(62, 'Caffeine'),
(92, 'Caffeine.tv'),
(93, 'Champion'),
(128, 'CHERRY'),
(36, 'Chevrolet'),
(117, 'CHINA OGA'),
(70, 'Cooler Master'),
(34, 'CORSAIR'),
(26, 'CyberPowerPC'),
(59, 'DAMWON'),
(125, 'Dare You'),
(135, 'DDAGOYO'),
(52, 'Desker'),
(76, 'Deutsche Glasfaser'),
(77, 'Deutsche Telekom'),
(38, 'Douyu'),
(46, 'DouyuTV'),
(29, 'Dr Pepper'),
(13, 'DreamTeam'),
(9, 'DXRacer'),
(64, 'Find Your Grind'),
(109, 'Flexfit'),
(11, 'Fnatic Gear'),
(43, 'FunPlus'),
(116, 'GALAXY'),
(81, 'Game Fuel'),
(72, 'Gamers Apparel'),
(51, 'GEEKSTAR'),
(27, 'GEICO'),
(119, 'Genius'),
(120, 'GIGABYTE'),
(28, 'Gillette'),
(133, 'GOALSTUDIO'),
(53, 'Han Sung Motor'),
(138, 'Hanwha Life'),
(91, 'Harris Blitzer Sports & Entertainment'),
(142, 'HEAD'),
(45, 'HP'),
(25, 'HTC Esports'),
(111, 'HUYA TV'),
(21, 'HyperX'),
(121, 'i-Rocks'),
(98, 'Immortals Gaming Club'),
(114, 'Intel'),
(44, 'JD.com, Inc.'),
(100, 'K-SWISS'),
(47, 'KFC'),
(56, 'KLevv Memory'),
(75, 'Konami'),
(127, 'KT'),
(40, 'Kuaishou'),
(41, 'LABSERIES'),
(108, 'Legendary Builds'),
(139, 'Lifeplus'),
(42, 'Lilbetter'),
(1, 'Logitech G'),
(78, 'Mercedes-Benz'),
(24, 'Microsoft'),
(39, 'Mirinda'),
(8, 'Monster Energy'),
(94, 'Mountain Dew'),
(110, 'MVMT'),
(6, 'NeedforSeat'),
(69, 'Neubria'),
(140, 'New Era'),
(55, 'Nike'),
(123, 'Niupu'),
(17, 'Omen by HP'),
(57, 'ONE Store'),
(7, 'OnePlus'),
(82, 'Orange Rush Esport'),
(18, 'OverActive Media'),
(3, 'paysafecard'),
(87, 'PEAK6 Investments'),
(23, 'Puma'),
(86, 'Quersus'),
(95, 'Raynor Gaming'),
(32, 'Razer'),
(19, 'Red Bull'),
(63, 'ReKTGlobal'),
(66, 'ReKTJobs'),
(67, 'ReKTUniversity'),
(84, 'Renault Sport'),
(15, 'RFRSH Entertainment'),
(96, 'Ridgebake'),
(12, 'Rivalry'),
(126, 'RiverStone'),
(31, 'Rocket Mortgage'),
(118, 'SADES'),
(141, 'SANDBOX NETWORK'),
(103, 'SAP'),
(71, 'Scuf Gaming'),
(22, 'SecretLab'),
(80, 'Sennheiser'),
(50, 'SIDIZ'),
(54, 'SKT 5GX'),
(101, 'Southern California Toyota Dealers Association'),
(107, 'Spectrum'),
(106, 'Squarespace'),
(99, 'St. Jude Children\'s Research Hospital'),
(115, 'SteelSeries'),
(65, 'Steve Aoki'),
(143, 'STILL8'),
(33, 'StockX'),
(144, 'SUITSUIT'),
(79, 'Team Razer'),
(124, 'Tenwow Food'),
(105, 'The Madison Square Garden Company'),
(89, 'Ticketmaster'),
(129, 'TOOTHLIFE'),
(5, 'Twitch'),
(20, 'U.S. Airforce'),
(30, 'Venmo'),
(97, 'VIE GG'),
(60, 'ViewSonic'),
(83, 'Volvic'),
(35, 'W.Y.W.K'),
(58, 'Xenics'),
(88, 'Xfinity'),
(48, 'Yili Guliduo flavored milk'),
(90, 'Zenni Optical'),
(122, 'Zhanqi tv'),
(73, 'Zip Buddy'),
(146, 'ZOTAC');

-- --------------------------------------------------------

--
-- Estructura de tabla para la tabla `region`
--

CREATE TABLE `region` (
  `cod_region` int(11) NOT NULL,
  `nombre` varchar(25) NOT NULL,
  `siglas` varchar(5) NOT NULL
) ENGINE=InnoDB DEFAULT CHARSET=latin1;

--
-- Volcado de datos para la tabla `region`
--

INSERT INTO `region` (`cod_region`, `nombre`, `siglas`) VALUES
(1, 'Europe', 'EU'),
(2, 'Korea', 'KR'),
(3, 'China', 'CN'),
(4, 'North America', 'NA'),
(5, 'Taiwan-Hong Kong-Macao', 'LMS');

-- --------------------------------------------------------

--
-- Estructura de tabla para la tabla `sede`
--

CREATE TABLE `sede` (
  `cod_sede` int(11) NOT NULL,
  `localizacion` varchar(50) NOT NULL
) ENGINE=InnoDB DEFAULT CHARSET=latin1;

--
-- Volcado de datos para la tabla `sede`
--

INSERT INTO `sede` (`cod_sede`, `localizacion`) VALUES
(1, 'Berlin-Germany'),
(2, 'London-United Kingdom'),
(3, 'Paris-France'),
(4, 'Copenhagen-Denmark'),
(5, 'Madrid-Spain'),
(6, 'Los Angeles-California'),
(7, 'Beijing-China'),
(8, 'Seoul-South Korea'),
(9, 'Seattle-Washington'),
(10, 'Newark-New Jersey'),
(11, 'Oakland-California'),
(12, 'Wuhan-China'),
(13, 'Shanghai-China'),
(14, 'Taipei-Taiwan');

--
-- Índices para tablas volcadas
--

--
-- Indices de la tabla `campeonatos`
--
ALTER TABLE `campeonatos`
  ADD PRIMARY KEY (`cod_campeonato`),
  ADD KEY `cod_equipo` (`cod_equipo`);

--
-- Indices de la tabla `entrenadores`
--
ALTER TABLE `entrenadores`
  ADD PRIMARY KEY (`cod_entrenador`),
  ADD KEY `cod_equipo` (`cod_equipo`) USING BTREE;

--
-- Indices de la tabla `equipos`
--
ALTER TABLE `equipos`
  ADD PRIMARY KEY (`cod_equipo`),
  ADD KEY `cod_sede` (`cod_sede`) USING BTREE,
  ADD KEY `cod_region` (`cod_region`) USING BTREE;

--
-- Indices de la tabla `equipo_campeonato`
--
ALTER TABLE `equipo_campeonato`
  ADD PRIMARY KEY (`cod_equipo`,`cod_campeonato`),
  ADD UNIQUE KEY `UNIQUE` (`cod_equipo`,`cod_campeonato`),
  ADD KEY `cod_campeonato` (`cod_campeonato`);

--
-- Indices de la tabla `equipo_patrocinador`
--
ALTER TABLE `equipo_patrocinador`
  ADD PRIMARY KEY (`cod_equipo`,`cod_patrocinador`),
  ADD UNIQUE KEY `UNIQUE` (`cod_equipo`,`cod_patrocinador`),
  ADD KEY `cod_patrocinador` (`cod_patrocinador`);

--
-- Indices de la tabla `jugadores`
--
ALTER TABLE `jugadores`
  ADD PRIMARY KEY (`cod_jugador`),
  ADD KEY `cod_equipo` (`cod_equipo`);

--
-- Indices de la tabla `patrocinadores`
--
ALTER TABLE `patrocinadores`
  ADD PRIMARY KEY (`cod_patrocinador`),
  ADD UNIQUE KEY `nombre` (`nombre`);

--
-- Indices de la tabla `region`
--
ALTER TABLE `region`
  ADD PRIMARY KEY (`cod_region`);

--
-- Indices de la tabla `sede`
--
ALTER TABLE `sede`
  ADD PRIMARY KEY (`cod_sede`);

--
-- AUTO_INCREMENT de las tablas volcadas
--

--
-- AUTO_INCREMENT de la tabla `campeonatos`
--
ALTER TABLE `campeonatos`
  MODIFY `cod_campeonato` int(11) NOT NULL AUTO_INCREMENT, AUTO_INCREMENT=109;

--
-- AUTO_INCREMENT de la tabla `entrenadores`
--
ALTER TABLE `entrenadores`
  MODIFY `cod_entrenador` int(11) NOT NULL AUTO_INCREMENT, AUTO_INCREMENT=2930511;

--
-- AUTO_INCREMENT de la tabla `equipos`
--
ALTER TABLE `equipos`
  MODIFY `cod_equipo` int(11) NOT NULL AUTO_INCREMENT, AUTO_INCREMENT=45;

--
-- AUTO_INCREMENT de la tabla `region`
--
ALTER TABLE `region`
  MODIFY `cod_region` int(11) NOT NULL AUTO_INCREMENT, AUTO_INCREMENT=6;

--
-- AUTO_INCREMENT de la tabla `sede`
--
ALTER TABLE `sede`
  MODIFY `cod_sede` int(11) NOT NULL AUTO_INCREMENT, AUTO_INCREMENT=15;

--
-- Restricciones para tablas volcadas
--

--
-- Filtros para la tabla `campeonatos`
--
ALTER TABLE `campeonatos`
  ADD CONSTRAINT `campeonatos_ibfk_1` FOREIGN KEY (`cod_equipo`) REFERENCES `equipos` (`cod_equipo`);

--
-- Filtros para la tabla `entrenadores`
--
ALTER TABLE `entrenadores`
  ADD CONSTRAINT `entrenadores_ibfk_1` FOREIGN KEY (`cod_equipo`) REFERENCES `equipos` (`cod_equipo`);

--
-- Filtros para la tabla `equipos`
--
ALTER TABLE `equipos`
  ADD CONSTRAINT `equipos_ibfk_1` FOREIGN KEY (`cod_region`) REFERENCES `region` (`cod_region`),
  ADD CONSTRAINT `equipos_ibfk_2` FOREIGN KEY (`cod_sede`) REFERENCES `sede` (`cod_sede`);

--
-- Filtros para la tabla `equipo_campeonato`
--
ALTER TABLE `equipo_campeonato`
  ADD CONSTRAINT `equipo_campeonato_ibfk_1` FOREIGN KEY (`cod_equipo`) REFERENCES `equipos` (`cod_equipo`),
  ADD CONSTRAINT `equipo_campeonato_ibfk_2` FOREIGN KEY (`cod_campeonato`) REFERENCES `campeonatos` (`cod_campeonato`);

--
-- Filtros para la tabla `equipo_patrocinador`
--
ALTER TABLE `equipo_patrocinador`
  ADD CONSTRAINT `equipo_patrocinador_ibfk_1` FOREIGN KEY (`cod_equipo`) REFERENCES `equipos` (`cod_equipo`),
  ADD CONSTRAINT `equipo_patrocinador_ibfk_2` FOREIGN KEY (`cod_patrocinador`) REFERENCES `patrocinadores` (`cod_patrocinador`);

--
-- Filtros para la tabla `jugadores`
--
ALTER TABLE `jugadores`
  ADD CONSTRAINT `jugadores_ibfk_1` FOREIGN KEY (`cod_equipo`) REFERENCES `equipos` (`cod_equipo`);
COMMIT;

/*!40101 SET CHARACTER_SET_CLIENT=@OLD_CHARACTER_SET_CLIENT */;
/*!40101 SET CHARACTER_SET_RESULTS=@OLD_CHARACTER_SET_RESULTS */;
/*!40101 SET COLLATION_CONNECTION=@OLD_COLLATION_CONNECTION */;
